<?xml version="1.0" encoding="UTF-8"?>
<project-private xmlns="http://www.netbeans.org/ns/project-private/1">
    <editor-bookmarks xmlns="http://www.netbeans.org/ns/editor-bookmarks/2" lastBookmarkId="0"/>
    <open-files xmlns="http://www.netbeans.org/ns/projectui-open-files/2">
        <group>
            <file>file:/C:/Users/abhik/Videos/Simulating%20operations%20of%20High%20court%20bar%20association/src/controller/HumanRightsCommitteeSetVotingPieChartController.java</file>
            <file>file:/C:/Users/abhik/Videos/Simulating%20operations%20of%20High%20court%20bar%20association/src/controller/HumanRightsCommitteeHomeSceneController.java</file>
        </group>
    </open-files>
</project-private>
