<?xml version="1.0" encoding="UTF-8"?>
<project-private xmlns="http://www.netbeans.org/ns/project-private/1">
    <editor-bookmarks xmlns="http://www.netbeans.org/ns/editor-bookmarks/2" lastBookmarkId="0"/>
    <open-files xmlns="http://www.netbeans.org/ns/projectui-open-files/2">
        <group>
            <file>file:/C:/Users/sakib/Documents/GitHub/my-codes/java/project/FinalProject_2_1810617_High%20court%20bar%20association/Simulating%20operations%20of%20High%20court%20bar%20association/src/model/HumanRightsAndLegalAidCommittee.java</file>
            <file>file:/C:/Users/sakib/Documents/GitHub/my-codes/java/project/FinalProject_2_1810617_High%20court%20bar%20association/Simulating%20operations%20of%20High%20court%20bar%20association/src/controller/HumanRightsCommitteeFileACaseController.java</file>
            <file>file:/C:/Users/sakib/Documents/GitHub/my-codes/java/project/FinalProject_2_1810617_High%20court%20bar%20association/Simulating%20operations%20of%20High%20court%20bar%20association/src/controller/HumanRightsCommitteeComplaintProgressController.java</file>
        </group>
    </open-files>
</project-private>
